/* ## Insert data in AUTHOR table ## */
insert into AUTHOR (AUTHOR_ID, NAME) values (1, 'Ford');
insert into AUTHOR (AUTHOR_ID, NAME) values (2, 'Porter');
insert into AUTHOR (AUTHOR_ID, NAME) values (3, 'Greene');
insert into AUTHOR (AUTHOR_ID, NAME) values (4, 'Hudson');
insert into AUTHOR (AUTHOR_ID, NAME) values (5, 'Hernandez');
insert into AUTHOR (AUTHOR_ID, NAME) values (6, 'Clark');
insert into AUTHOR (AUTHOR_ID, NAME) values (7, 'James');
insert into AUTHOR (AUTHOR_ID, NAME) values (8, 'Willis');
insert into AUTHOR (AUTHOR_ID, NAME) values (9, 'James');
insert into AUTHOR (AUTHOR_ID, NAME) values (10, 'Williamson');
insert into AUTHOR (AUTHOR_ID, NAME) values (11, 'Cooper');
insert into AUTHOR (AUTHOR_ID, NAME) values (12, 'Armstrong');
insert into AUTHOR (AUTHOR_ID, NAME) values (13, 'Arnold');
insert into AUTHOR (AUTHOR_ID, NAME) values (14, 'Richards');
insert into AUTHOR (AUTHOR_ID, NAME) values (15, 'Mcdonald');
insert into AUTHOR (AUTHOR_ID, NAME) values (16, 'Warren');
insert into AUTHOR (AUTHOR_ID, NAME) values (17, 'Frazier');
insert into AUTHOR (AUTHOR_ID, NAME) values (18, 'Wagner');
insert into AUTHOR (AUTHOR_ID, NAME) values (19, 'Peterson');
insert into AUTHOR (AUTHOR_ID, NAME) values (20, 'Reyes');

/* ## Insert data in NEWS table ## */
insert into NEWS (NEWS_ID, SHORT_TEXT, FULL_TEXT, TITLE, CREATION_DATE, MODIFICATION_DATE) values (1, 'quis augue luctus tincidunt nulla mollis molestie lorem quisque ut erat curabitur', 'sed sagittis nam congue risus semper porta volutpat quam pede lobortis ligula sit amet eleifend pede libero quis orci nullam molestie nibh in lectus pellentesque at nulla suspendisse potenti cras in purus eu magna vulputate luctus cum sociis natoque penatibus et magnis dis parturient montes nascetur ridiculus mus', 'Nurse',TIMESTAMP '2013-01-15 22:11:35', DATE '2014-04-13');
insert into NEWS (NEWS_ID, SHORT_TEXT, FULL_TEXT, TITLE, CREATION_DATE, MODIFICATION_DATE) values (2, 'sit amet sapien dignissim vestibulum vestibulum ante ipsum primis in faucibus orci', 'felis sed lacus morbi sem mauris laoreet ut rhoncus aliquet pulvinar sed nisl nunc rhoncus dui vel sem sed sagittis nam congue risus semper porta volutpat quam pede lobortis ligula sit amet eleifend pede libero quis orci nullam molestie nibh in lectus pellentesque', 'Recruiter',TIMESTAMP '2013-01-15 22:11:35', DATE '2014-04-13');
insert into NEWS (NEWS_ID, SHORT_TEXT, FULL_TEXT, TITLE, CREATION_DATE, MODIFICATION_DATE) values (3, 'luctus et ultrices posuere cubilia curae donec pharetra magna vestibulum aliquet ultrices', 'justo sit amet sapien dignissim vestibulum vestibulum ante ipsum primis in faucibus orci luctus et ultrices posuere cubilia curae nulla dapibus dolor vel est donec odio justo sollicitudin ut suscipit a feugiat et eros vestibulum ac est lacinia nisi venenatis', 'Geologist I',TIMESTAMP '2013-01-15 22:11:35', DATE '2014-04-13');
insert into NEWS (NEWS_ID, SHORT_TEXT, FULL_TEXT, TITLE, CREATION_DATE, MODIFICATION_DATE) values (4, 'pretium iaculis diam erat fermentum justo nec condimentum neque sapien placerat', 'a nibh in quis justo maecenas rhoncus aliquam lacus morbi quis tortor id nulla ultrices aliquet maecenas leo odio condimentum id luctus nec molestie sed justo pellentesque viverra pede ac diam cras pellentesque', 'Recruiting Manager',TIMESTAMP '2013-01-15 22:11:35', DATE '2014-04-13');
insert into NEWS (NEWS_ID, SHORT_TEXT, FULL_TEXT, TITLE, CREATION_DATE, MODIFICATION_DATE) values (5, 'mattis odio donec vitae nisi nam ultrices libero non mattis pulvinar', 'id ornare imperdiet sapien urna pretium nisl ut volutpat sapien arcu sed augue aliquam erat volutpat in congue etiam justo etiam pretium iaculis justo in hac habitasse platea dictumst etiam', 'Associate Professor',TIMESTAMP '2013-01-15 22:11:35', DATE '2014-04-13');
insert into NEWS (NEWS_ID, SHORT_TEXT, FULL_TEXT, TITLE, CREATION_DATE, MODIFICATION_DATE) values (6, 'porta volutpat erat quisque erat eros viverra eget congue eget semper rutrum', 'amet lobortis sapien sapien non mi integer ac neque duis bibendum morbi non quam nec dui luctus rutrum nulla tellus in sagittis dui vel nisl duis ac nibh fusce lacus purus', 'Environmental Tech',TIMESTAMP '2013-01-15 22:11:35', DATE '2014-04-13');
insert into NEWS (NEWS_ID, SHORT_TEXT, FULL_TEXT, TITLE, CREATION_DATE, MODIFICATION_DATE) values (7, 'rhoncus dui vel sem sed sagittis nam congue risus semper', 'phasellus in felis donec semper sapien a libero nam dui proin leo odio porttitor id consequat in consequat ut nulla sed accumsan felis ut at dolor quis odio consequat varius integer ac leo pellentesque', 'Payment Adjustment Coordinator',TIMESTAMP '2013-01-15 22:11:35', DATE '2014-04-13');
insert into NEWS (NEWS_ID, SHORT_TEXT, FULL_TEXT, TITLE, CREATION_DATE, MODIFICATION_DATE) values (8, 'vivamus vestibulum sagittis sapien cum sociis natoque penatibus et magnis', 'rutrum nulla tellus in sagittis dui vel nisl duis ac nibh fusce lacus purus aliquet at feugiat non pretium quis lectus suspendisse potenti in eleifend quam a odio in hac habitasse platea dictumst maecenas ut massa quis augue luctus tincidunt nulla mollis molestie lorem quisque', 'Speech Pathologist',TIMESTAMP '2013-01-15 22:11:35', DATE '2014-04-13');
insert into NEWS (NEWS_ID, SHORT_TEXT, FULL_TEXT, TITLE, CREATION_DATE, MODIFICATION_DATE) values (9, 'dignissim vestibulum vestibulum ante ipsum primis in faucibus orci luctus et ultrices', 'dapibus duis at velit eu est congue elementum in hac habitasse platea dictumst morbi vestibulum velit id pretium iaculis diam erat fermentum justo nec condimentum neque sapien placerat ante nulla justo', 'Geological Engineer',TIMESTAMP '2013-01-15 22:11:35', DATE '2014-04-13');
insert into NEWS (NEWS_ID, SHORT_TEXT, FULL_TEXT, TITLE, CREATION_DATE, MODIFICATION_DATE) values (10, 'nunc rhoncus dui vel sem sed sagittis nam congue risus semper', 'augue aliquam erat volutpat in congue etiam justo etiam pretium iaculis justo in hac habitasse platea dictumst etiam faucibus cursus urna ut tellus nulla ut erat id mauris vulputate elementum nullam', 'Recruiter',TIMESTAMP '2013-01-15 22:11:35', DATE '2014-04-13');
insert into NEWS (NEWS_ID, SHORT_TEXT, FULL_TEXT, TITLE, CREATION_DATE, MODIFICATION_DATE) values (11, 'congue etiam justo etiam pretium iaculis justo in hac habitasse platea', 'maecenas ut massa quis augue luctus tincidunt nulla mollis molestie lorem quisque ut erat curabitur gravida nisi at nibh in hac habitasse platea dictumst aliquam augue quam sollicitudin vitae consectetuer eget rutrum at lorem integer tincidunt ante vel ipsum praesent blandit lacinia', 'Programmer Analyst III',TIMESTAMP '2013-01-15 22:11:35', DATE '2014-04-13');
insert into NEWS (NEWS_ID, SHORT_TEXT, FULL_TEXT, TITLE, CREATION_DATE, MODIFICATION_DATE) values (12, 'pede morbi porttitor lorem id ligula suspendisse ornare consequat lectus in est', 'ante ipsum primis in faucibus orci luctus et ultrices posuere cubilia curae mauris viverra diam vitae quam suspendisse potenti nullam porttitor lacus at turpis donec posuere metus vitae ipsum aliquam non mauris morbi non lectus aliquam sit amet diam', 'Senior Developer',TIMESTAMP '2013-01-15 22:11:35', DATE '2014-04-13');
insert into NEWS (NEWS_ID, SHORT_TEXT, FULL_TEXT, TITLE, CREATION_DATE, MODIFICATION_DATE) values (13, 'sapien arcu sed augue aliquam erat volutpat in congue etiam justo etiam', 'etiam faucibus cursus urna ut tellus nulla ut erat id mauris vulputate elementum nullam varius nulla facilisi cras non velit nec nisi vulputate nonummy maecenas tincidunt lacus at velit vivamus vel nulla eget eros elementum pellentesque', 'Recruiter',TIMESTAMP '2013-01-15 22:11:35', DATE '2014-04-13');
insert into NEWS (NEWS_ID, SHORT_TEXT, FULL_TEXT, TITLE, CREATION_DATE, MODIFICATION_DATE) values (14, 'porta volutpat erat quisque erat eros viverra eget congue eget semper rutrum', 'rhoncus dui vel sem sed sagittis nam congue risus semper porta volutpat quam pede lobortis ligula sit amet eleifend pede libero quis orci nullam molestie nibh in lectus pellentesque at nulla suspendisse potenti cras in purus eu magna vulputate luctus cum sociis natoque penatibus et magnis dis', 'Junior Executive',TIMESTAMP '2013-01-15 22:11:35', DATE '2014-04-13');
insert into NEWS (NEWS_ID, SHORT_TEXT, FULL_TEXT, TITLE, CREATION_DATE, MODIFICATION_DATE) values (15, 'a suscipit nulla elit ac nulla sed vel enim sit amet', 'sit amet turpis elementum ligula vehicula consequat morbi a ipsum integer a nibh in quis justo maecenas rhoncus aliquam lacus morbi quis tortor id nulla ultrices aliquet maecenas leo odio condimentum id luctus nec molestie sed justo pellentesque viverra pede ac diam cras pellentesque volutpat dui maecenas tristique', 'General Manager',TIMESTAMP '2013-01-15 22:11:35', DATE '2014-04-13');
insert into NEWS (NEWS_ID, SHORT_TEXT, FULL_TEXT, TITLE, CREATION_DATE, MODIFICATION_DATE) values (16, 'at feugiat non pretium quis lectus suspendisse potenti in eleifend', 'ultrices mattis odio donec vitae nisi nam ultrices libero non mattis pulvinar nulla pede ullamcorper augue a suscipit nulla elit ac nulla sed vel enim sit amet nunc viverra dapibus nulla suscipit ligula in lacus curabitur at ipsum ac tellus semper interdum mauris ullamcorper purus sit amet', 'Chief Design Engineer',TIMESTAMP '2013-01-15 22:11:35', DATE '2014-04-13');
insert into NEWS (NEWS_ID, SHORT_TEXT, FULL_TEXT, TITLE, CREATION_DATE, MODIFICATION_DATE) values (17, 'tempus sit amet sem fusce consequat nulla nisl nunc nisl duis bibendum', 'vitae nisl aenean lectus pellentesque eget nunc donec quis orci eget orci vehicula condimentum curabitur in libero ut massa volutpat convallis morbi odio odio elementum eu interdum eu tincidunt in leo maecenas pulvinar lobortis est phasellus sit amet', 'Environmental Tech',TIMESTAMP '2013-01-15 22:11:35', DATE '2014-04-13');
insert into NEWS (NEWS_ID, SHORT_TEXT, FULL_TEXT, TITLE, CREATION_DATE, MODIFICATION_DATE) values (18, 'tempus vel pede morbi porttitor lorem id ligula suspendisse ornare', 'magna vestibulum aliquet ultrices erat tortor sollicitudin mi sit amet lobortis sapien sapien non mi integer ac neque duis bibendum morbi non quam nec dui luctus rutrum nulla tellus in sagittis dui vel nisl duis ac nibh fusce lacus purus', 'Account Representative III',TIMESTAMP '2013-01-15 22:11:35', DATE '2014-04-13');
insert into NEWS (NEWS_ID, SHORT_TEXT, FULL_TEXT, TITLE, CREATION_DATE, MODIFICATION_DATE) values (19, 'non mi integer ac neque duis bibendum morbi non quam nec dui', 'est quam pharetra magna ac consequat metus sapien ut nunc vestibulum ante ipsum primis in faucibus orci luctus et ultrices posuere cubilia curae mauris viverra diam vitae quam suspendisse potenti nullam porttitor lacus at turpis donec posuere metus vitae ipsum', 'Web Developer II',TIMESTAMP '2013-01-15 22:11:35', DATE '2014-04-13');
insert into NEWS (NEWS_ID, SHORT_TEXT, FULL_TEXT, TITLE, CREATION_DATE, MODIFICATION_DATE) values (20, 'pede malesuada in imperdiet et commodo vulputate justo in blandit ultrices', 'nisi eu orci mauris lacinia sapien quis libero nullam sit amet turpis elementum ligula vehicula consequat morbi a ipsum integer a nibh in quis justo maecenas rhoncus aliquam lacus morbi quis tortor id', 'Community Outreach Specialist',TIMESTAMP '2013-01-15 22:11:35', DATE '2014-04-13');

/* ## Insert data in NEWS_AUTHOR table ## */
insert into NEWS_AUTHOR (NEWS_AUTHOR_ID, NEWS_ID, AUTHOR_ID) values (1, 17, 16);
insert into NEWS_AUTHOR (NEWS_AUTHOR_ID, NEWS_ID, AUTHOR_ID) values (2, 2, 8);
insert into NEWS_AUTHOR (NEWS_AUTHOR_ID, NEWS_ID, AUTHOR_ID) values (3, 16, 1);
insert into NEWS_AUTHOR (NEWS_AUTHOR_ID, NEWS_ID, AUTHOR_ID) values (4, 16, 9);
insert into NEWS_AUTHOR (NEWS_AUTHOR_ID, NEWS_ID, AUTHOR_ID) values (5, 1, 13);
insert into NEWS_AUTHOR (NEWS_AUTHOR_ID, NEWS_ID, AUTHOR_ID) values (6, 20, 13);
insert into NEWS_AUTHOR (NEWS_AUTHOR_ID, NEWS_ID, AUTHOR_ID) values (7, 15, 4);
insert into NEWS_AUTHOR (NEWS_AUTHOR_ID, NEWS_ID, AUTHOR_ID) values (8, 18, 20);
insert into NEWS_AUTHOR (NEWS_AUTHOR_ID, NEWS_ID, AUTHOR_ID) values (9, 19, 14);
insert into NEWS_AUTHOR (NEWS_AUTHOR_ID, NEWS_ID, AUTHOR_ID) values (10, 12, 19);
insert into NEWS_AUTHOR (NEWS_AUTHOR_ID, NEWS_ID, AUTHOR_ID) values (11, 17, 1);
insert into NEWS_AUTHOR (NEWS_AUTHOR_ID, NEWS_ID, AUTHOR_ID) values (12, 8, 4);
insert into NEWS_AUTHOR (NEWS_AUTHOR_ID, NEWS_ID, AUTHOR_ID) values (13, 6, 16);
insert into NEWS_AUTHOR (NEWS_AUTHOR_ID, NEWS_ID, AUTHOR_ID) values (14, 12, 19);
insert into NEWS_AUTHOR (NEWS_AUTHOR_ID, NEWS_ID, AUTHOR_ID) values (15, 13, 11);
insert into NEWS_AUTHOR (NEWS_AUTHOR_ID, NEWS_ID, AUTHOR_ID) values (16, 9, 18);
insert into NEWS_AUTHOR (NEWS_AUTHOR_ID, NEWS_ID, AUTHOR_ID) values (17, 8, 5);
insert into NEWS_AUTHOR (NEWS_AUTHOR_ID, NEWS_ID, AUTHOR_ID) values (18, 19, 10);
insert into NEWS_AUTHOR (NEWS_AUTHOR_ID, NEWS_ID, AUTHOR_ID) values (19, 17, 14);
insert into NEWS_AUTHOR (NEWS_AUTHOR_ID, NEWS_ID, AUTHOR_ID) values (20, 1, 19);

/* ## Insert data in NEWS_TAG table ## */
insert into NEWS_TAG (NEWS_TAG_ID, NEWS_ID, TAG_ID) values (1, 20, 20);
insert into NEWS_TAG (NEWS_TAG_ID, NEWS_ID, TAG_ID) values (2, 11, 3);
insert into NEWS_TAG (NEWS_TAG_ID, NEWS_ID, TAG_ID) values (3, 1, 10);
insert into NEWS_TAG (NEWS_TAG_ID, NEWS_ID, TAG_ID) values (4, 7, 9);
insert into NEWS_TAG (NEWS_TAG_ID, NEWS_ID, TAG_ID) values (5, 7, 5);
insert into NEWS_TAG (NEWS_TAG_ID, NEWS_ID, TAG_ID) values (6, 7, 20);
insert into NEWS_TAG (NEWS_TAG_ID, NEWS_ID, TAG_ID) values (7, 5, 18);
insert into NEWS_TAG (NEWS_TAG_ID, NEWS_ID, TAG_ID) values (8, 16, 4);
insert into NEWS_TAG (NEWS_TAG_ID, NEWS_ID, TAG_ID) values (9, 19, 15);
insert into NEWS_TAG (NEWS_TAG_ID, NEWS_ID, TAG_ID) values (10, 1, 1);
insert into NEWS_TAG (NEWS_TAG_ID, NEWS_ID, TAG_ID) values (11, 12, 9);
insert into NEWS_TAG (NEWS_TAG_ID, NEWS_ID, TAG_ID) values (12, 18, 6);
insert into NEWS_TAG (NEWS_TAG_ID, NEWS_ID, TAG_ID) values (13, 7, 15);
insert into NEWS_TAG (NEWS_TAG_ID, NEWS_ID, TAG_ID) values (14, 5, 6);
insert into NEWS_TAG (NEWS_TAG_ID, NEWS_ID, TAG_ID) values (15, 3, 14);
insert into NEWS_TAG (NEWS_TAG_ID, NEWS_ID, TAG_ID) values (16, 19, 3);
insert into NEWS_TAG (NEWS_TAG_ID, NEWS_ID, TAG_ID) values (17, 9, 7);
insert into NEWS_TAG (NEWS_TAG_ID, NEWS_ID, TAG_ID) values (18, 3, 4);
insert into NEWS_TAG (NEWS_TAG_ID, NEWS_ID, TAG_ID) values (19, 4, 17);
insert into NEWS_TAG (NEWS_TAG_ID, NEWS_ID, TAG_ID) values (20, 19, 16);

/*## Insert data in COMMENTS table ## */
insert into COMMENTS (COMMENT_ID, COMMENT_TEXT, CREATION_DATE, NEWS_ID) values (1, 'amet erat nulla tempus vivamus', TIMESTAMP '2013-01-15 22:11:35', 8);
insert into COMMENTS (COMMENT_ID, COMMENT_TEXT, CREATION_DATE, NEWS_ID) values (2, 'interdum mauris non',TIMESTAMP '2013-01-15 22:11:35', 10);
insert into COMMENTS (COMMENT_ID, COMMENT_TEXT,CREATION_DATE, NEWS_ID) values (3, 'congue etiam',TIMESTAMP '2013-01-15 22:11:35', 7);
insert into COMMENTS (COMMENT_ID, COMMENT_TEXT,CREATION_DATE, NEWS_ID) values (4, 'malesuada in', TIMESTAMP '2013-01-15 22:11:35',13);
insert into COMMENTS (COMMENT_ID, COMMENT_TEXT,CREATION_DATE, NEWS_ID) values (5, 'mus vivamus vestibulum sagittis sapien cum', TIMESTAMP '2013-01-15 22:11:35',15);
insert into COMMENTS (COMMENT_ID, COMMENT_TEXT, CREATION_DATE,NEWS_ID) values (6, 'at ipsum ac', TIMESTAMP '2013-01-15 22:11:35',11);
insert into COMMENTS (COMMENT_ID, COMMENT_TEXT,CREATION_DATE, NEWS_ID) values (7, 'pretium nisl ut volutpat', TIMESTAMP '2013-01-15 22:11:35',15);
insert into COMMENTS (COMMENT_ID, COMMENT_TEXT,CREATION_DATE, NEWS_ID) values (8, 'habitasse platea dictumst', TIMESTAMP '2013-01-15 22:11:35',3);
insert into COMMENTS (COMMENT_ID, COMMENT_TEXT, CREATION_DATE,NEWS_ID) values (9, 'arcu sed',TIMESTAMP '2013-01-15 22:11:35', 8);
insert into COMMENTS (COMMENT_ID, COMMENT_TEXT,CREATION_DATE, NEWS_ID) values (10, 'curae mauris viverra', TIMESTAMP '2013-01-15 22:11:35',1);
insert into COMMENTS (COMMENT_ID, COMMENT_TEXT, CREATION_DATE,NEWS_ID) values (11, 'tortor id', TIMESTAMP '2013-01-15 22:11:35',18);
insert into COMMENTS (COMMENT_ID, COMMENT_TEXT,CREATION_DATE, NEWS_ID) values (12, 'proin eu mi nulla ac', TIMESTAMP '2013-01-15 22:11:35',15);
insert into COMMENTS (COMMENT_ID, COMMENT_TEXT,CREATION_DATE, NEWS_ID) values (13, 'sagittis dui vel nisl', TIMESTAMP '2013-01-15 22:11:35',2);
insert into COMMENTS (COMMENT_ID, COMMENT_TEXT, CREATION_DATE,NEWS_ID) values (14, 'eget', TIMESTAMP '2013-01-15 22:11:35',16);
insert into COMMENTS (COMMENT_ID, COMMENT_TEXT, CREATION_DATE,NEWS_ID) values (15, 'ut mauris',TIMESTAMP '2013-01-15 22:11:35', 1);
insert into COMMENTS (COMMENT_ID, COMMENT_TEXT, CREATION_DATE,NEWS_ID) values (16, 'amet diam in magna', TIMESTAMP '2013-01-15 22:11:35',16);
insert into COMMENTS (COMMENT_ID, COMMENT_TEXT, CREATION_DATE,NEWS_ID) values (17, 'ac',TIMESTAMP '2013-01-15 22:11:35', 1);
insert into COMMENTS (COMMENT_ID, COMMENT_TEXT,CREATION_DATE, NEWS_ID) values (18, 'fermentum justo nec condimentum', TIMESTAMP '2013-01-15 22:11:35',9);
insert into COMMENTS (COMMENT_ID, COMMENT_TEXT,CREATION_DATE, NEWS_ID) values (19, 'magna', TIMESTAMP '2013-01-15 22:11:35',16);
insert into COMMENTS (COMMENT_ID, COMMENT_TEXT, CREATION_DATE,NEWS_ID) values (20, 'semper interdum mauris ullamcorper purus', TIMESTAMP '2013-01-15 22:11:35',6);

/*## Insert data in TAG table ## */
insert into TAG (TAG_ID, TAG_NAME) values (1, 'ft.com');
insert into TAG (TAG_ID, TAG_NAME) values (2, 'yandex.ru');
insert into TAG (TAG_ID, TAG_NAME) values (3, 'chron.com');
insert into TAG (TAG_ID, TAG_NAME) values (4, 'indiatimes.com');
insert into TAG (TAG_ID, TAG_NAME) values (5, 'dmoz.org');
insert into TAG (TAG_ID, TAG_NAME) values (6, 'un.org');
insert into TAG (TAG_ID, TAG_NAME) values (7, 'noaa.gov');
insert into TAG (TAG_ID, TAG_NAME) values (8, 'xinhuanet.com');
insert into TAG (TAG_ID, TAG_NAME) values (9, 'auda.org.au');
insert into TAG (TAG_ID, TAG_NAME) values (10, 'unesco.org');
insert into TAG (TAG_ID, TAG_NAME) values (11, 'cafepress.com');
insert into TAG (TAG_ID, TAG_NAME) values (12, 'imageshack.us');
insert into TAG (TAG_ID, TAG_NAME) values (13, 'desdev.cn');
insert into TAG (TAG_ID, TAG_NAME) values (14, 'blogs.com');
insert into TAG (TAG_ID, TAG_NAME) values (15, 'google.co.uk');
insert into TAG (TAG_ID, TAG_NAME) values (16, 'ask.com');
insert into TAG (TAG_ID, TAG_NAME) values (17, 'webeden.co.uk');
insert into TAG (TAG_ID, TAG_NAME) values (18, 'ca.gov');
insert into TAG (TAG_ID, TAG_NAME) values (19, 'tmall.com');
insert into TAG (TAG_ID, TAG_NAME) values (20, 'europa.eu');

